ORGANIZATION	COLLECTION
421	4450
421	4468
442	6940
467	2499
467	2500
467	2501
467	2502
467	2503
478	2789
478	2815
484	4398
506	7327
509	2278
523	2317
523	3174
539	2606
539	2646
543	3080
549	2981
553	2843
567	3238
567	6335
575	2817
576	4511
591	7084
62	200
62	201
62	202
62	292
62	1216
62	1532
62	1793
62	1842
62	1843
62	1844
62	1845
62	1846
62	1847
62	1848
62	1849
62	1850
62	1852
62	1853
62	1854
62	2948
62	2949
62	2951
62	2953
62	3396
62	3501
62	3680
62	3683
62	3840
66	263
66	265
66	1582
66	1655
66	6621
66	6669
67	194
72	2077
75	288
89	2017
89	2323
89	2349
89	2950
89	7505
89	7994
115	296
115	857
115	858
115	7378
130	4812
139	499
151	3938
151	4035
151	5101
151	5263
151	5750
151	7000
156	694
156	970
156	1621
156	1829
156	1851
156	1899
156	1909
156	2182
156	2305
156	2316
156	2368
156	2369
156	2379
156	2406
156	2438
156	2535
156	2570
156	2772
156	2787
156	2816
156	2820
156	2821
156	2822
156	2823
156	2828
156	2836
156	2838
156	2839
156	2842
156	2859
156	2860
156	2862
156	2865
156	2866
156	2882
156	2892
156	2893
156	2903
156	2966
156	2989
156	2998
156	3294
156	3358
156	3379
156	3437
156	3645
156	3768
156	3925
156	4152
159	924
159	1078
159	2361
201	3209
317	1170
317	5222
317	5229
317	6735
317	6736
318	1657
318	1688
318	1693
318	1738
318	1750
318	1751
318	1752
318	1893
318	1897
318	1901
318	1905
318	1910
318	1919
318	1924
318	1925
318	1931
318	1934
318	2778
318	3600
318	7936
343	1274
343	1378
351	1443
351	3536
357	2189
364	4207
398	1701
398	4025
398	4038
401	2217
401	2901
401	3196
408	1819
750	8896
764	4155
774	8152
776	4266
786	7702
809	4552
809	5962
809	6191
809	6816
818	4604
818	4605
818	4606
832	4716
853	5056
853	5081
853	8033
857	9117
870	4911
870	4914
870	4920
877	5903
877	7397
887	6902
887	7507
894	5134
894	5135
894	5154
919	6477
933	5604
933	5731
935	5456
935	5488
939	8842
944	5567
944	5576
944	5627
944	5652
944	5676
944	6186
946	9129
957	5628
957	5686
979	6053
979	6458
979	8089
631	4195
631	5407
642	3273
664	7364
664	8636
666	3544
670	3524
671	3447
671	3497
671	3519
671	3525
671	3526
671	3527
671	3528
671	3529
671	3530
671	3531
671	3547
671	3548
671	3606
687	3740
687	3792
687	3855
687	3876
687	3898
687	3987
687	4183
687	4227
687	4263
687	4318
687	4882
687	5399
687	6084
687	8627
694	5016
701	3806
701	3807
708	4349
708	4391
711	3682
711	5748
711	8894
715	7257
726	3754
726	3817
726	3819
726	3820
726	3822
729	3765
729	3988
731	4097
731	4229
731	4495
731	4505
731	4763
731	4851
731	4891
735	3996
735	4051
735	4138
735	4140
735	5161
738	4768
739	4320
739	4322
739	4376
739	4386
739	4390
739	4465
739	4526
739	4527
739	4532
739	4594
739	4656
739	4867
739	6178
739	6206
739	6318
739	6358
739	7356
985	6162
988	8166
988	8719
988	8720
990	6653
990	7515
990	8155
990	8382
990	8427
990	8663
997	6799
998	6143
998	6144
998	6852
1018	6321
1018	7253
1020	7131
1026	6366
1036	6503
1036	6580
1036	7724
1153	7703
1153	7704
1153	7710
1153	7717
1153	7755
1153	7874
1153	8605
1163	7775
1163	8156
1163	9165
1176	8390
1176	8391
1176	8392
1176	8393
1176	8394
1176	8395
1183	8929
1242	8640
1297	9341
146	3188
151	641
151	765
151	1514
413	1813
413	2356
413	2362
413	2443
413	2476
413	3055
413	3182
413	3193
413	3296
413	3469
413	3484
413	3493
413	3494
413	3513
413	3776
413	6303
62	1855
62	2174
62	2970
398	9399
